starttime,endtime,deviceid,state,lga,other_lga_name,other_lga_info,ward,dc_name,gps,_gps_latitude,_gps_longitude,_gps_altitude,_gps_precision,settlement_type,machine_gen_settlement_name,correct_settlement_name,alternate_name,alternate_settlement_name,habitation_status,comments,meta/instanceID,_uuid,_submission_time,webhooks
2018-05-26T12:08:36.036+01,2018-05-26T12:51:33.916+01,1c:e2:cc:b0:8d:a8,SO,611,yes,"Sokoto, Kware, Bankanu",61101,augustine_francis,13.280356 5.184881 0.0 0.0,13.280356,5.184881,0.0,0.0,ha,HA_13,Gundugar Zabarmawa,no,n/a,fully_inhabited,n/a,uuid:6d2617dd-2f95-45c7-8bed-2a85cb8a98a1,6d2617dd-2f95-45c7-8bed-2a85cb8a98a1,2018-05-26T11:55:59,n/a
2018-05-26T12:10:36.598+01,2018-05-26T12:12:09.278+01,1c:e2:cc:b0:8d:a8,SO,611,yes,"Sokoto, Kware, Bankanu",61101,augustine_francis,13.280345916748047 5.184881687164307 301.0 0.70710677,13.280345916748047,5.184881687164307,301.0,0.70710677,ha,HA_13,Gundugar Zabarmawa,no,n/a,fully_inhabited,n/a,uuid:397cc083-761f-45fd-bf45-21c07a80c88c,397cc083-761f-45fd-bf45-21c07a80c88c,2018-05-26T11:56:46,n/a
2018-05-26T12:58:28.574+01,2018-05-26T13:00:13.221+01,358982076101739,GO,16001,no,n/a,GMSAKK02,ezekiel_dariya,10.183204201853869 11.151265503907267 517.0041564410855 4.0,10.183204201853869,11.151265503907267,517.0041564410855,4.0,ha,HA_10,Mountain,no,n/a,abandoned,It's just a mountain not habitable,uuid:11f9b46d-5cfa-4e95-9da7-15462a9eddcb,11f9b46d-5cfa-4e95-9da7-15462a9eddcb,2018-05-26T13:41:58,n/a
2018-05-27T07:15:40.543+01,2018-05-27T07:19:48.852+01,3956ba0c5cb0ebef,GO,16011,no,n/a,GMSYDB01,tunde_isyaku,10.223464 11.375484 0.0 0.0,10.223464,11.375484,0.0,0.0,ha,HA_45,Empty Land,no,n/a,abandoned,"It's an empty land, it seems they have migrated.",uuid:e3886a1b-4b0c-4cf0-8bd3-8d57ee7e6ff4,e3886a1b-4b0c-4cf0-8bd3-8d57ee7e6ff4,2018-05-28T09:21:19,n/a
2018-05-27T08:10:46.844+01,2018-05-27T08:14:17.686+01,3956ba0c5cb0ebef,GO,16011,no,n/a,GMSYDB01,tunde_isyaku,10.22369 11.383830999999999 0.0 0.0,10.22369,11.383830999999999,0.0,0.0,ha,HA_46,Empty Land.,no,n/a,abandoned,"Empty Land close to tree, behind general hospital.",uuid:6cea35fc-0c11-4f44-ad7c-811ab46c177c,6cea35fc-0c11-4f44-ad7c-811ab46c177c,2018-05-28T09:21:29,n/a
2018-05-27T08:28:52.640+01,2018-05-27T08:31:21.407+01,3956ba0c5cb0ebef,GO,16011,no,n/a,GMSYDB01,tunde_isyaku,10.222498 11.388809 0.0 0.0,10.222498,11.388809,0.0,0.0,ha,HA_42,An abandoned fish pond with a single room.,no,n/a,abandoned,Non functioning and abandonded fish pond.,uuid:55ca1a63-aee5-4b1d-9fa4-a2fc5ff37ea6,55ca1a63-aee5-4b1d-9fa4-a2fc5ff37ea6,2018-05-28T09:21:53,n/a
2018-05-27T08:52:13.179+01,2018-05-27T08:56:30.811+01,3956ba0c5cb0ebef,GO,16011,no,n/a,GMSYDB01,tunde_isyaku,10.217476999999999 11.394537999999999 0.0 0.0,10.217476999999999,11.394537999999999,0.0,0.0,ssa,HA_37,A collapsed building and abandoned.,no,n/a,abandoned,Collapsed building OPP Deba Comprehensive School.,uuid:ad7e8550-ef0d-40b6-bd57-2b0f3d8c7296,ad7e8550-ef0d-40b6-bd57-2b0f3d8c7296,2018-05-28T09:22:15,n/a
2018-05-27T09:13:12.737+01,2018-05-27T09:19:07.155+01,3956ba0c5cb0ebef,GO,16011,no,n/a,GMSYDB01,tunde_isyaku,10.229182999999999 11.407563 0.0 0.0,10.229182999999999,11.407563,0.0,0.0,ha,HA_51,Empty Land close to Kare Kare settlement.,no,n/a,abandoned,"It's seems to be a migrated settlement, Nomadic.",uuid:b71dbb15-94d0-4b63-8101-82c5c1e3682c,b71dbb15-94d0-4b63-8101-82c5c1e3682c,2018-05-28T09:22:24,n/a
2018-05-27T09:29:11.688+01,2018-05-27T09:31:35.324+01,3956ba0c5cb0ebef,GO,16011,no,n/a,GMSYDB01,tunde_isyaku,10.231876 11.403507999999999 0.0 0.0,10.231876,11.403507999999999,0.0,0.0,ha,HA_57,Empty Land with trees.,no,n/a,abandoned,"An empty farmland with trees, not even a single HA.",uuid:e7a476e4-45e3-4fc1-976c-1c23c10d3f30,e7a476e4-45e3-4fc1-976c-1c23c10d3f30,2018-05-28T09:23:31,n/a
2018-05-27T09:42:47.861+01,2018-05-27T09:46:29.962+01,3956ba0c5cb0ebef,GO,16011,no,n/a,GMSYDB01,tunde_isyaku,10.236392 11.393336999999999 0.0 0.0,10.236392,11.393336999999999,0.0,0.0,ha,HA_59,Empty Land with trees.,no,n/a,abandoned,Not even a single HA is visible.,uuid:1f9f3f7d-5659-45eb-8f9c-5a49464eecc6,1f9f3f7d-5659-45eb-8f9c-5a49464eecc6,2018-05-28T09:23:57,n/a
2018-05-27T10:05:55.559+01,2018-05-27T10:07:03.285+01,3956ba0c5cb0ebef,GO,16011,no,n/a,GMSYDB01,tunde_isyaku,10.249158999999999 11.403851 0.0 0.0,10.249158999999999,11.403851,0.0,0.0,ha,HA_64,Empty Land.,no,n/a,abandoned,n/a,uuid:0dd67dc1-ec8e-437d-a004-a8f4b8bb1398,0dd67dc1-ec8e-437d-a004-a8f4b8bb1398,2018-05-28T09:24:03,n/a
2018-05-27T10:24:03.842+01,2018-05-27T10:27:10.875+01,3956ba0c5cb0ebef,GO,16011,no,n/a,GMSYDB01,tunde_isyaku,10.254909999999999 11.396232999999999 0.0 0.0,10.254909999999999,11.396232999999999,0.0,0.0,ha,HA_66,Saruje Primary School,no,n/a,abandoned,n/a,uuid:d36f47c0-a718-4782-8136-afcccf8f5770,d36f47c0-a718-4782-8136-afcccf8f5770,2018-05-28T09:24:08,n/a
2018-05-27T10:52:49.592+01,2018-05-27T10:53:48.889+01,3956ba0c5cb0ebef,GO,16011,no,n/a,GMSYDB01,tunde_isyaku,10.259095 11.388852 0.0 0.0,10.259095,11.388852,0.0,0.0,ha,HA_67,Empty land,no,n/a,abandoned,n/a,uuid:f3d876bf-b7c5-430a-9602-bbf8a8e33717,f3d876bf-b7c5-430a-9602-bbf8a8e33717,2018-05-28T09:24:21,n/a
2018-05-27T11:26:28.824+01,2018-05-27T11:27:38.761+01,3956ba0c5cb0ebef,GO,16011,no,n/a,GMSYDB01,tunde_isyaku,10.247669 11.389346 0.0 0.0,10.247669,11.389346,0.0,0.0,ha,HA_62,Empty Land.,no,n/a,abandoned,n/a,uuid:59fe582e-50d7-47dc-b10e-167ae7beba8d,59fe582e-50d7-47dc-b10e-167ae7beba8d,2018-05-28T09:24:29,n/a
2018-05-27T11:53:13.762+01,2018-05-28T10:18:58.268+01,3956ba0c5cb0ebef,GO,16011,no,n/a,GMSYDB01,tunde_isyaku,10.282183 11.413098999999999 0.0 0.0,10.282183,11.413098999999999,0.0,0.0,ha,HA_72,FERMA abandoned building.,no,n/a,abandoned,Uncompleted and abandoned buildings.,uuid:eb7e5086-5fb2-439e-93f2-4a845af4d134,eb7e5086-5fb2-439e-93f2-4a845af4d134,2018-05-28T09:25:08,n/a
2018-05-27T13:00:24.846+01,2018-05-27T13:03:01.513+01,3956ba0c5cb0ebef,GO,16011,no,n/a,GMSYDB01,tunde_isyaku,10.160636 11.363489 0.0 0.0,10.160636,11.363489,0.0,0.0,ha,HA_9,Nomadic settlement,no,n/a,patially_inhabited,"A single nomadic settlement, partially abandoned.",uuid:87ddcfe9-f142-49aa-a930-c3b3114aae0f,87ddcfe9-f142-49aa-a930-c3b3114aae0f,2018-05-28T09:25:33,n/a
2018-05-27T13:10:16.201+01,2018-05-27T13:22:31.434+01,3956ba0c5cb0ebef,GO,16011,no,n/a,GMSYDB01,tunde_isyaku,10.159659999999999 11.36572 0.0 0.0,10.159659999999999,11.36572,0.0,0.0,ha,HA_7,Empty land,no,n/a,abandoned,An empty land with heap of sand.,uuid:101fb801-54e3-4fa3-b38a-b1aee36f9c9c,101fb801-54e3-4fa3-b38a-b1aee36f9c9c,2018-05-28T09:25:46,n/a
2018-05-27T09:39:53.907+01,2018-05-28T14:00:20.464+01,1c:e2:cc:b6:21:34,JI,18005,no,n/a,JI1005,yusuf_ahmadu,12.728562355041504 10.397250175476074 373.0 3.2802439,12.728562355041504,10.397250175476074,373.0,3.2802439,ha,HA_5,Empty land,no,n/a,patially_inhabited,Empty land,uuid:8bdd12b0-e9f7-49d8-a5f3-7d5f3773828b,8bdd12b0-e9f7-49d8-a5f3-7d5f3773828b,2018-05-28T13:04:18,n/a
2018-05-28T08:46:45.474+01,2018-05-28T13:49:34.973+01,1c:e2:cc:b6:21:34,JI,18005,no,n/a,JI1004,yusuf_ahmadu,12.736555099487305 10.572473526000977 365.0 3.720215,12.736555099487305,10.572473526000977,365.0,3.720215,ha,HA_30,Ruga Burguma,no,n/a,patially_inhabited,n/a,uuid:749b3f69-c95f-4287-9ba9-6c6d76c36322,749b3f69-c95f-4287-9ba9-6c6d76c36322,2018-05-28T13:04:21,n/a
2018-05-28T09:26:07.001+01,2018-05-28T13:55:05.073+01,1c:e2:cc:b6:21:34,JI,18005,no,n/a,JI1004,yusuf_ahmadu,12.713659286499023 10.568375587463379 364.0 3.3241541,12.713659286499023,10.568375587463379,364.0,3.3241541,ha,HA_4,Zaburam Barge,no,n/a,patially_inhabited,The settlement was missed last round it was formerly known as Zaburam isah. ,uuid:bbbb4114-f158-4ead-b9b7-7b142cafeac6,bbbb4114-f158-4ead-b9b7-7b142cafeac6,2018-05-28T13:04:24,n/a
2018-05-28T10:01:43.301+01,2018-05-28T10:06:14.157+01,1c:e2:cc:b6:21:34,JI,18005,no,n/a,JI1004,yusuf_ahmadu,12.694680213928223 10.576979637145996 366.0 1.1661904,12.694680213928223,10.576979637145996,366.0,1.1661904,ha,HA_12,Ruga Ado Wakili Yale,no,n/a,patially_inhabited,n/a,uuid:abf14bee-f3cc-42a9-9bd5-dc4c33b195aa,abf14bee-f3cc-42a9-9bd5-dc4c33b195aa,2018-05-28T13:04:26,n/a
2018-05-28T10:20:20.550+01,2018-05-28T10:21:53.284+01,1c:e2:cc:b6:21:34,JI,18005,no,n/a,JI1004,yusuf_ahmadu,12.69973373413086 10.582558631896973 366.0 1.2806249,12.69973373413086,10.582558631896973,366.0,1.2806249,ha,HA_18,Empty land,no,n/a,fully_inhabited,Empty land,uuid:43a874fa-e763-4184-8db4-5ca8930c00c3,43a874fa-e763-4184-8db4-5ca8930c00c3,2018-05-28T13:04:27,n/a
2018-05-26T08:57:35.484+01,2018-05-26T09:00:06.481+01,44:c1:5c:f9:2b:8a,JI,18021,yes,Ungwar Kangaruwa,JI0405,abdulganiyu_ahmad,12.773709 10.189496 0.0 0.0,12.773709,10.189496,0.0,0.0,ha,HA_9,Ungwar Kangaruwa,no,n/a,patially_inhabited,n/a,uuid:7023d2e2-ae9d-4b2b-9b0f-2d92ed199454,7023d2e2-ae9d-4b2b-9b0f-2d92ed199454,2018-05-28T18:30:46,n/a
2018-05-26T11:13:20.728+01,2018-05-28T09:09:00.605+01,44:c1:5c:f9:2b:8a,JI,18021,yes,"Jigsaw, Birniwa, Nguwa",JI0411,abdulganiyu_ahmad,12.899396 10.121175 0.0 0.0,12.899396,10.121175,0.0,0.0,ha,HA_1,Fulani Nguwa,no,n/a,patially_inhabited,This settlement is under Nguwa ward not Batu ward and usually shows 0% after vaccinated,uuid:57e38851-db29-4834-8d08-85e07f0a35f1,57e38851-db29-4834-8d08-85e07f0a35f1,2018-05-28T18:30:49,n/a
2018-05-26T11:38:47.134+01,2018-05-28T08:52:34.464+01,44:c1:5c:f9:2b:8a,JI,18021,yes,"Jigawa, Birniwa, Fulani Gura Gura",JI0411,abdulganiyu_ahmad,12.959681999999999 10.103688 0.0 0.0,12.959681999999999,10.103688,0.0,0.0,ha,HA_1,Fulani Gura Gura,no,n/a,patially_inhabited,This settlement belongs to Nguwa ward not Batu ward and usually shows 0% after visited by vaccinating teams,uuid:d9111271-8ba5-45a0-bdb1-5064c6d7a74c,d9111271-8ba5-45a0-bdb1-5064c6d7a74c,2018-05-28T18:30:50,n/a
2018-05-26T12:28:30.292+01,2018-05-28T08:59:56.009+01,44:c1:5c:f9:2b:8a,JI,18021,yes,"Jigawa, Birniwa, Nguwa",JI0411,abdulganiyu_ahmad,12.872596 10.109245 0.0 0.0,12.872596,10.109245,0.0,0.0,ha,HA_1,Fulani Walawa,yes,Fulani Tukadilam,patially_inhabited,This settlement usually shows 0% after visitation and it's formerly called Maman yabe,uuid:7b80a14a-2660-47d4-b511-2c73e9ca1fd3,7b80a14a-2660-47d4-b511-2c73e9ca1fd3,2018-05-28T18:30:51,n/a
2018-05-28T11:36:40.676+01,2018-05-28T11:39:34.786+01,44:c1:5c:f9:2b:8a,JI,18021,no,n/a,JI0404,abdulganiyu_ahmad,12.866748999999999 9.922842 0.0 0.0,12.866748999999999,9.922842,0.0,0.0,ssa,HA_19,Kabo settlement,no,n/a,patially_inhabited,This settlement is under Your state not Jigawa state,uuid:e7683f26-64df-4ef7-a03a-9f52d5777f02,e7683f26-64df-4ef7-a03a-9f52d5777f02,2018-05-28T18:30:52,n/a
2018-05-28T11:45:11.698+01,2018-05-28T11:49:07.253+01,44:c1:5c:f9:2b:8a,JI,18021,yes,"Jigawa, Birniwa and Diginsa ward",JI0404,abdulganiyu_ahmad,12.867318 9.928829 0.0 0.0,12.867318,9.928829,0.0,0.0,ssa,HA_19,Amodu Dunar,no,n/a,patially_inhabited,This boarding yobe state,uuid:ab1e75bc-d977-4a1a-8170-36b7fbc301f8,ab1e75bc-d977-4a1a-8170-36b7fbc301f8,2018-05-28T18:30:53,n/a
2018-05-28T11:41:42.294+01,2018-05-28T11:43:28.428+01,3956ba0c5cb0ebef,GO,16011,no,n/a,GMSYDB01,tunde_isyaku,10.232573 11.435628999999999 0.0 0.0,10.232573,11.435628999999999,0.0,0.0,ha,HA_54,Empty farmland,no,n/a,abandoned,Empty Land.,uuid:b823eade-d20a-4024-a248-3d813b0c8c13,b823eade-d20a-4024-a248-3d813b0c8c13,2018-05-28T20:31:28,n/a
2018-05-28T11:56:06.712+01,2018-05-28T11:58:11.932+01,3956ba0c5cb0ebef,GO,16011,no,n/a,GMSYDB01,tunde_isyaku,10.233044999999999 11.446681 0.0 0.0,10.233044999999999,11.446681,0.0,0.0,ha,HA_55,Unguwar Jauro Haruna,no,n/a,fully_inhabited,n/a,uuid:f4dbf1b6-4f86-489c-8c25-e26a417c8324,f4dbf1b6-4f86-489c-8c25-e26a417c8324,2018-05-28T20:31:28,n/a
2018-05-28T12:13:03.448+01,2018-05-28T12:16:42.105+01,3956ba0c5cb0ebef,GO,16011,no,n/a,GMSYDB01,tunde_isyaku,10.237786999999999 11.452022999999999 0.0 0.0,10.237786999999999,11.452022999999999,0.0,0.0,ha,HA_58,Trees (Goruba trees),no,n/a,abandoned,"Trees are all over, but there are settlements around.",uuid:1198ff87-15ab-426c-a26a-e5c5a162982c,1198ff87-15ab-426c-a26a-e5c5a162982c,2018-05-28T20:31:29,n/a
2018-05-28T12:34:05.856+01,2018-05-28T12:35:46.075+01,3956ba0c5cb0ebef,GO,16011,no,n/a,GMSYDB01,tunde_isyaku,10.238828 11.441787999999999 0.0 0.0,10.238828,11.441787999999999,0.0,0.0,ha,HA_60,Empty Land,no,n/a,abandoned,Empty Land with trees surrounded,uuid:5d802891-44a0-4a98-9315-48c0796deca8,5d802891-44a0-4a98-9315-48c0796deca8,2018-05-28T20:31:30,n/a
2018-05-28T12:53:16.173+01,2018-05-28T12:54:05.469+01,3956ba0c5cb0ebef,GO,16011,no,n/a,GMSYDB01,tunde_isyaku,10.247302999999999 11.440372 0.0 0.0,10.247302999999999,11.440372,0.0,0.0,ha,HA_61,Empty land,no,n/a,abandoned,n/a,uuid:5f5ba703-6c5b-4b0e-bae7-62bbd803892e,5f5ba703-6c5b-4b0e-bae7-62bbd803892e,2018-05-28T20:31:31,n/a
2018-05-28T13:06:17.505+01,2018-05-28T13:07:39.057+01,3956ba0c5cb0ebef,GO,16011,no,n/a,GMSYDB01,tunde_isyaku,10.25107 11.443634 0.0 0.0,10.25107,11.443634,0.0,0.0,ha,HA_65,Empty (Tree and sand),no,n/a,abandoned,Empty land,uuid:7402b89b-6e40-4497-8fde-71714db72e5e,7402b89b-6e40-4497-8fde-71714db72e5e,2018-05-28T20:31:32,n/a
2018-05-28T13:12:29.859+01,2018-05-28T13:13:56.773+01,3956ba0c5cb0ebef,GO,16011,no,n/a,GMSYDB01,tunde_isyaku,10.249115999999999 11.446743999999999 0.0 0.0,10.249115999999999,11.446743999999999,0.0,0.0,ha,HA_63,A tree,no,n/a,abandoned,Empty Land with trees,uuid:d64c43b3-6ef1-4c75-9789-a5d8fd8aeae6,d64c43b3-6ef1-4c75-9789-a5d8fd8aeae6,2018-05-28T20:31:32,n/a
2018-05-28T13:27:55.067+01,2018-05-28T13:39:12.057+01,3956ba0c5cb0ebef,GO,16011,no,n/a,GMSYDB01,tunde_isyaku,10.261187 11.43372 0.0 0.0,10.261187,11.43372,0.0,0.0,ha,HA_69,Anguwar Jauro Ibrahim,no,n/a,fully_inhabited,The settlements belongs to Hinna ward.,uuid:99a6b08f-8bcf-4a6b-8c41-5754872f4bfe,99a6b08f-8bcf-4a6b-8c41-5754872f4bfe,2018-05-28T20:31:33,n/a
2018-05-28T13:47:47.174+01,2018-05-28T13:49:11.108+01,3956ba0c5cb0ebef,GO,16011,no,n/a,GMSYDB01,tunde_isyaku,10.261830999999999 11.445908 0.0 0.0,10.261830999999999,11.445908,0.0,0.0,ssa,SSA_11,Gwalfade,no,n/a,fully_inhabited,n/a,uuid:52755463-a4f0-46b0-85e8-c939a3fdb848,52755463-a4f0-46b0-85e8-c939a3fdb848,2018-05-28T20:31:34,n/a
2018-05-28T14:01:34.542+01,2018-05-28T14:02:37.468+01,3956ba0c5cb0ebef,GO,16011,no,n/a,GMSYDB01,tunde_isyaku,10.264384 11.452581 0.0 0.0,10.264384,11.452581,0.0,0.0,ha,HA_68,Empty Land,no,n/a,abandoned,n/a,uuid:9e1dd5de-8ef0-43a2-9743-fa8519c64170,9e1dd5de-8ef0-43a2-9743-fa8519c64170,2018-05-28T20:31:34,n/a
2018-05-28T14:22:41.218+01,2018-05-28T14:26:18.523+01,3956ba0c5cb0ebef,GO,16011,no,n/a,GMSYDB01,tunde_isyaku,10.266594 11.457730999999999 0.0 0.0,10.266594,11.457730999999999,0.0,0.0,ha,HA_48,Kunnoma,no,n/a,fully_inhabited,n/a,uuid:fe3e1bea-2201-46ac-86e9-ba220cfb60f4,fe3e1bea-2201-46ac-86e9-ba220cfb60f4,2018-05-28T20:31:35,n/a
2018-05-28T14:50:12.571+01,2018-05-28T14:51:03.419+01,3956ba0c5cb0ebef,GO,16011,no,n/a,GMSYDB01,tunde_isyaku,10.269715999999999 11.448739999999999 0.0 0.0,10.269715999999999,11.448739999999999,0.0,0.0,ha,HA_70,Empty Land,no,n/a,abandoned,Farmland,uuid:f918a114-cf3f-4bf9-aa80-2c641ea5bafb,f918a114-cf3f-4bf9-aa80-2c641ea5bafb,2018-05-28T20:31:36,n/a
2018-05-27T10:36:59.159+01,2018-05-27T10:47:20.215+01,1c:e2:cc:b0:8d:a8,SO,611,yes,"Sokoto, Kware, Sabon Birni",61109,augustine_francis,13.254081 5.258545 0.0 0.0,13.254081,5.258545,0.0,0.0,ha,HA_7,Tunga Labbo,no,n/a,fully_inhabited,Vaccinators have never visited the settlement. It's over 20 years old now.,uuid:bf8cff1d-33a7-4643-914e-fbb18da40548,bf8cff1d-33a7-4643-914e-fbb18da40548,2018-05-29T06:05:27,n/a
2018-05-27T11:21:44.605+01,2018-05-27T11:23:34.027+01,1c:e2:cc:b0:8d:a8,SO,611,yes,"Sokoto, Kware, Sabon Birni",61109,augustine_francis,13.287588 5.280904 0.0 0.0,13.287588,5.280904,0.0,0.0,ha,HA_3,Gangaren Bela,no,n/a,fully_inhabited,Vaccinators have visited for some time now.,uuid:2d7149da-07dd-42e4-8b9d-a42f49b4186b,2d7149da-07dd-42e4-8b9d-a42f49b4186b,2018-05-29T06:05:29,n/a
2018-05-27T11:35:00.622+01,2018-05-27T11:38:15.173+01,1c:e2:cc:b0:8d:a8,SO,611,yes,"Sokoto, Kware, Sabon Birni",61109,augustine_francis,13.288424 5.274852999999999 0.0 0.0,13.288424,5.274852999999999,0.0,0.0,ha,HA_9,Gangaren Bela B,no,n/a,fully_inhabited,Vaccinators don't visit this settlement but the man of the house said the children usually visit neighboring village to be vaccinated.,uuid:924c907b-7988-4d48-871e-b97ce982ab9c,924c907b-7988-4d48-871e-b97ce982ab9c,2018-05-29T06:05:30,n/a
2018-05-28T09:51:05.168+01,2018-05-28T12:33:07.335+01,1c:e2:cc:b0:8d:a8,SO,611,yes,"Sokoto, Kware, Sabon Birni",61109,augustine_francis,13.295516 5.234642 0.0 0.0,13.295516,5.234642,0.0,0.0,ssa,HA_12,Balkore B,no,n/a,fully_inhabited,Small settlement boardering the BUA Balkore,uuid:40cef215-87b9-457c-b216-77bd24d4a713,40cef215-87b9-457c-b216-77bd24d4a713,2018-05-29T06:05:32,n/a
2018-05-28T10:17:52.161+01,2018-05-28T12:32:27.395+01,1c:e2:cc:b0:8d:a8,SO,611,yes,"Sokoto, Kware, Sabon Birni",61109,augustine_francis,13.303498999999999 5.233333 0.0 0.0,13.303498999999999,5.233333,0.0,0.0,ha,HA_17,Balkore C,no,n/a,fully_inhabited,The settlement is divided into 4 different parts,uuid:1fb44081-f3f7-44b9-94f2-ed2c1d8928bb,1fb44081-f3f7-44b9-94f2-ed2c1d8928bb,2018-05-29T06:05:34,n/a
2018-05-28T11:18:29.903+01,2018-05-28T12:31:37.672+01,1c:e2:cc:b0:8d:a8,SO,611,yes,"Sokoto, Kware, Sabon Birni",61109,augustine_francis,13.317628 5.221424 0.0 0.0,13.317628,5.221424,0.0,0.0,ha,HA_22,Tungar Alh. Natahala,no,n/a,fully_inhabited,Vaccinators have not visited this settlement in a very long time.,uuid:b2a0d027-a7f3-40b5-b0b5-1617e3d54695,b2a0d027-a7f3-40b5-b0b5-1617e3d54695,2018-05-29T06:05:35,n/a
2018-05-28T11:42:13.531+01,2018-05-28T12:34:32.727+01,1c:e2:cc:b0:8d:a8,SO,611,yes,"Sokoto, Kware, Sabon Birni",61109,augustine_francis,13.301309999999999 5.210522999999999 0.0 0.0,13.301309999999999,5.210522999999999,0.0,0.0,ha,HA_26,Tungar Burtali,no,n/a,fully_inhabited,The vaccinators don't visit this settlement too from my discussion with the settlers.,uuid:1099a3ee-0542-44db-b64f-5d254fe19d3b,1099a3ee-0542-44db-b64f-5d254fe19d3b,2018-05-29T06:05:36,n/a
2018-05-28T11:51:26.811+01,2018-05-28T12:33:47.830+01,1c:e2:cc:b0:8d:a8,SO,611,yes,"Sokoto, Kware, Sabon Birni",61109,augustine_francis,13.299508 5.208334 0.0 0.0,13.299508,5.208334,0.0,0.0,ha,HA_16,Tungar Kube,no,n/a,fully_inhabited,Vaccinators have not visited the settlement for a long time too,uuid:7bf5ce19-5d69-4475-9920-4b99bd4666a9,7bf5ce19-5d69-4475-9920-4b99bd4666a9,2018-05-29T06:05:37,n/a
2018-05-28T12:06:03.414+01,2018-05-28T12:30:03.071+01,1c:e2:cc:b0:8d:a8,SO,611,yes,"Sokoto, Kware, Sabon Birni",61109,augustine_francis,13.296448999999999 5.199879999999999 0.0 0.0,13.296448999999999,5.199879999999999,0.0,0.0,ha,HA_13,Tungar Yamma B,no,n/a,fully_inhabited,Vaccinators don't visit this settlement at all.,uuid:55d0a3a1-c39a-4601-8451-b3be1696c7a9,55d0a3a1-c39a-4601-8451-b3be1696c7a9,2018-05-29T06:05:39,n/a
2018-05-28T12:22:33.981+01,2018-05-28T12:27:43.275+01,1c:e2:cc:b0:8d:a8,SO,611,yes,"Sokoto, Kware, Sabon Birni",61109,augustine_francis,13.295516 5.192048 0.0 0.0,13.295516,5.192048,0.0,0.0,ha,HA_11,Tungar Zamatare,no,n/a,fully_inhabited,"These HA 11, 6 and 10 all have the same name because they all belong to one father and his sons.",uuid:74ae9117-6131-49c2-9843-7ede1f63b461,74ae9117-6131-49c2-9843-7ede1f63b461,2018-05-29T06:05:41,n/a
2018-05-27T11:44:44.039+01,2018-05-29T09:03:56.192+01,357232046797450,JI,18030,no,n/a,JI2508,ali_ibrahim,12.70388471 9.27983091 394.70001220703125 2.0,12.70388471,9.27983091,394.70001220703125,2.0,ha,HA_15,Ruggar Muhammadu Abu,no,n/a,fully_inhabited,n/a,uuid:6ed18fbf-2c17-4a8e-9970-130d79b5e9e7,6ed18fbf-2c17-4a8e-9970-130d79b5e9e7,2018-05-29T08:18:54,n/a
2018-05-25T11:40:50.825+01,2018-05-29T09:36:00.888+01,358811079529408,GO,16001,no,n/a,GMSAKK02,musa_yushau,10.23160328 11.1054514 598.0 4.5509996,10.23160328,11.1054514,598.0,4.5509996,ha,HA_46,ARC,no,n/a,fully_inhabited,Vaccination had not taken place for sometime.,uuid:76c0f9fd-7dd7-4851-ac37-7b8d90ff263f,76c0f9fd-7dd7-4851-ac37-7b8d90ff263f,2018-05-29T08:44:30,n/a
2018-05-25T11:52:23.233+01,2018-05-29T09:34:31.113+01,358811079529408,GO,16001,no,n/a,GMSAKK02,musa_yushau,10.22392117 11.1087401 592.0 4.5509996,10.22392117,11.1087401,592.0,4.5509996,ha,HA_44,White Field,no,n/a,fully_inhabited,n/a,uuid:d0485ae9-a1fa-487b-9ac5-3f2e2dd54acc,d0485ae9-a1fa-487b-9ac5-3f2e2dd54acc,2018-05-29T08:44:31,n/a
2018-05-25T12:06:21.460+01,2018-05-29T09:33:52.823+01,358811079529408,GO,16001,no,n/a,GMSAKK02,musa_yushau,10.21831246 11.10288032 589.0 4.5509996,10.21831246,11.10288032,589.0,4.5509996,ha,HA_40,New Barracks,no,n/a,fully_inhabited,Settlement not visited last round,uuid:3137fd5e-9280-4f4a-8a03-04bbcfebabc3,3137fd5e-9280-4f4a-8a03-04bbcfebabc3,2018-05-29T08:44:32,n/a
2018-05-25T12:17:17.866+01,2018-05-29T09:32:57.176+01,358811079529408,GO,16001,no,n/a,GMSAKK02,musa_yushau,10.18526479 11.11797574 635.0 4.5509996,10.18526479,11.11797574,635.0,4.5509996,ha,HA_15,Rugar ,no,n/a,abandoned,Migrated Settlement,uuid:a9a723eb-f5a1-4f5d-9b03-85b3abb87079,a9a723eb-f5a1-4f5d-9b03-85b3abb87079,2018-05-29T08:44:33,n/a
2018-05-25T12:49:54.911+01,2018-05-29T09:32:16.277+01,358811079529408,GO,16001,no,n/a,GMSAKK02,musa_yushau,10.18126929 11.11612615 618.0 4.5509996,10.18126929,11.11612615,618.0,4.5509996,ha,HA_9,Rugar Gona,no,n/a,fully_inhabited,n/a,uuid:84f2fadd-7e24-402d-b859-3126f8f3c082,84f2fadd-7e24-402d-b859-3126f8f3c082,2018-05-29T08:44:34,n/a
2018-05-25T13:07:53.008+01,2018-05-29T09:30:22.642+01,358811079529408,GO,16001,no,n/a,GMSAKK02,musa_yushau,10.20546544 11.11416801 633.0 4.5509996,10.20546544,11.11416801,633.0,4.5509996,ssa,SSA_5,Mil Tara,no,n/a,fully_inhabited,n/a,uuid:b98b7272-afb9-4db7-ad12-6af92ebf9924,b98b7272-afb9-4db7-ad12-6af92ebf9924,2018-05-29T08:44:34,n/a
2018-05-26T10:30:52.934+01,2018-05-29T09:29:25.448+01,358811079529408,GO,16001,no,n/a,GMSAKK02,musa_yushau,10.20060486 11.16441467 490.0 4.5509996,10.20060486,11.16441467,490.0,4.5509996,ha,HA_32,Damba,no,n/a,fully_inhabited,Farm land,uuid:cc1a392f-287e-4944-ab69-7dac16e2afa3,cc1a392f-287e-4944-ab69-7dac16e2afa3,2018-05-29T08:44:35,n/a
2018-05-26T10:49:14.158+01,2018-05-29T09:28:16.007+01,358811079529408,GO,16001,no,n/a,GMSAKK02,musa_yushau,10.20801209 11.18391209 451.0 4.5509996,10.20801209,11.18391209,451.0,4.5509996,ha,HA_34,Wuro Karal,no,n/a,fully_inhabited,n/a,uuid:456483f4-4f99-4af4-86a2-79df178f0e90,456483f4-4f99-4af4-86a2-79df178f0e90,2018-05-29T08:44:36,n/a
2018-05-26T11:05:28.337+01,2018-05-29T09:27:22.684+01,358811079529408,GO,16001,no,n/a,GMSAKK02,musa_yushau,10.21595615 11.17980831 467.0 4.5509996,10.21595615,11.17980831,467.0,4.5509996,ha,HA_39,Garin Baka,no,n/a,fully_inhabited,n/a,uuid:79a36aa4-c546-4e48-ac0e-3841732052e5,79a36aa4-c546-4e48-ac0e-3841732052e5,2018-05-29T08:44:37,n/a
2018-05-28T09:44:30.682+01,2018-05-29T09:26:24.204+01,358811079529408,GO,16001,no,n/a,GMSAKK01,musa_yushau,10.32368845 10.8910332 464.0 4.5509996,10.32368845,10.8910332,464.0,4.5509996,ha,HA_48,Dolliyal,no,n/a,fully_inhabited,n/a,uuid:c8c322d7-2244-4b6e-a461-01735a91651c,c8c322d7-2244-4b6e-a461-01735a91651c,2018-05-29T08:44:37,n/a
2018-05-28T09:57:57.320+01,2018-05-29T09:25:43.894+01,358811079529408,GO,16001,no,n/a,GMSAKK01,musa_yushau,10.30580195 10.90580672 487.0 4.5509996,10.30580195,10.90580672,487.0,4.5509996,ha,HA_41,Airport Mosque,no,n/a,abandoned,A mosque structure inside the international airport Gombe.,uuid:f5c9086b-1933-47c5-bd55-02e13555d8d6,f5c9086b-1933-47c5-bd55-02e13555d8d6,2018-05-29T08:44:38,n/a
2018-05-28T10:12:50.621+01,2018-05-29T09:24:05.740+01,358811079529408,GO,16001,no,n/a,GMSAKK01,musa_yushau,10.30200919 10.92079387 464.0 4.5509996,10.30200919,10.92079387,464.0,4.5509996,ha,HA_38,Lawanti Wuro Dulo,no,n/a,fully_inhabited,n/a,uuid:dec9aa39-267d-4ef0-afcf-cc65c378396c,dec9aa39-267d-4ef0-afcf-cc65c378396c,2018-05-29T08:44:39,n/a
2018-05-26T09:25:50.105+01,2018-05-26T09:29:58.934+01,4851271cd770061,JI,18030,no,n/a,JI2508,ali_ibrahim,12.683918 9.181028999999999 0.0 0.0,12.683918,9.181028999999999,0.0,0.0,ssa,HA_12,Gonar Chairaman ,yes,Tsamiya uku,abandoned,The Settler have migrated to another place.,uuid:8a5ff660-7e4c-40b5-9388-54e610bba242,8a5ff660-7e4c-40b5-9388-54e610bba242,2018-05-29T09:26:17,n/a
2018-05-26T10:03:32.829+01,2018-05-26T10:07:41.122+01,4851271cd770061,JI,18030,no,n/a,JI2508,ali_ibrahim,12.682685 9.208452 0.0 0.0,12.682685,9.208452,0.0,0.0,ssa,HA_11,Gidan Dauda Isau,no,n/a,abandoned,The Settler have migrated to another place,uuid:173a0732-74eb-40bd-84ad-1497f879a8c1,173a0732-74eb-40bd-84ad-1497f879a8c1,2018-05-29T09:26:18,n/a
2018-05-26T10:35:18.177+01,2018-05-26T10:41:28.316+01,4851271cd770061,JI,18030,no,n/a,JI2508,ali_ibrahim,12.694519 9.233063999999999 0.0 0.0,12.694519,9.233063999999999,0.0,0.0,ssa,HA_13,Zangawa gidan Musa ga'i,no,n/a,patially_inhabited,The Settlers are fulani,uuid:25b34391-6a16-4a10-a73b-4163ef098121,25b34391-6a16-4a10-a73b-4163ef098121,2018-05-29T09:26:19,n/a
2018-05-26T11:10:28.469+01,2018-05-26T11:14:37.726+01,4851271cd770061,JI,18030,no,n/a,JI2508,ali_ibrahim,12.665529999999999 9.199546999999999 0.0 0.0,12.665529999999999,9.199546999999999,0.0,0.0,ssa,HA_4,Rugar yamma da Dan Buwayi,yes,Gidan Musa Dan fulani,patially_inhabited,The Settlers are Fulani,uuid:1ae30f94-0842-4e09-8a78-8704e9968a0f,1ae30f94-0842-4e09-8a78-8704e9968a0f,2018-05-29T09:26:22,n/a
2018-05-27T09:57:30.301+01,2018-05-28T06:59:06.803+01,4851271cd770061,JI,18030,no,n/a,JI2502,musa_abagana,12.635017 9.146954 0.0 0.0,12.635017,9.146954,0.0,0.0,ha,HA_16,Gidan Iliyasu Digawan Togai,no,n/a,fully_inhabited,n/a,uuid:c179a800-9a92-4f00-a021-182831f16d98,c179a800-9a92-4f00-a021-182831f16d98,2018-05-29T09:26:23,n/a
2018-05-27T10:25:35.292+01,2018-05-28T07:00:00.920+01,4851271cd770061,JI,18030,no,n/a,JI2502,musa_abagana,12.618967 9.089748 0.0 0.0,12.618967,9.089748,0.0,0.0,ha,HA_10,This place is not a settlement(Is a ditch),no,n/a,abandoned,The dwellers must have migrated,uuid:7d8b3f24-14fb-47d8-94a7-78d8fcf4de42,7d8b3f24-14fb-47d8-94a7-78d8fcf4de42,2018-05-29T09:26:24,n/a
2018-05-27T11:04:14.801+01,2018-05-28T07:00:44.055+01,4851271cd770061,JI,18030,no,n/a,JI2502,musa_abagana,12.630597 9.05636 0.0 0.0,12.630597,9.05636,0.0,0.0,ha,HA_15,Rugar Muhammad's Sani Turawa,no,n/a,patially_inhabited,n/a,uuid:ebd4314f-3fb3-486d-87d1-0d380c82cd27,ebd4314f-3fb3-486d-87d1-0d380c82cd27,2018-05-29T09:26:25,n/a
2018-05-28T09:14:21.339+01,2018-05-28T12:08:10.363+01,4851271cd770061,JI,18030,no,n/a,JI2510,ali_ibrahim,12.737594999999999 9.237848999999999 0.0 0.0,12.737594999999999,9.237848999999999,0.0,0.0,ha,HA_17,Rugagan Gaggabe,yes,Balga,patially_inhabited,It belongs to Dangwani ward according to the Settlers.,uuid:eeb92602-cfc4-4c57-a07e-058ec82518b9,eeb92602-cfc4-4c57-a07e-058ec82518b9,2018-05-29T09:26:26,n/a
2018-05-28T10:06:21.090+01,2018-05-28T10:14:08.248+01,4851271cd770061,JI,18030,no,n/a,JI2510,ali_ibrahim,12.738764 9.200641 0.0 0.0,12.738764,9.200641,0.0,0.0,ha,HA_12,Karabingil,no,n/a,patially_inhabited,The settlement is under Chakindi Settlement,uuid:f472bb2e-14f6-4691-8aa0-cf8e77537061,f472bb2e-14f6-4691-8aa0-cf8e77537061,2018-05-29T09:26:28,n/a
2018-05-28T11:16:07.873+01,2018-05-28T12:03:45.218+01,4851271cd770061,JI,18030,no,n/a,JI2510,ali_ibrahim,12.712779 9.102364999999999 0.0 0.0,12.712779,9.102364999999999,0.0,0.0,ha,HA_6,Gidan Lami,no,n/a,abandoned,The Settler have migrated to another place.,uuid:af81d5fe-c401-4e8b-a396-9fe16139f7cf,af81d5fe-c401-4e8b-a396-9fe16139f7cf,2018-05-29T09:26:30,n/a
2018-05-25T14:54:19.371+01,2018-05-30T06:23:05.011+01,97969ca391b3728e,JI,18004,yes,"Jigawa State, Sule-Tankarkar LGA, Super-Sule-Tankarkar ward",JI0201,yashim_monday,12.768966674804688 9.096508026123047 399.0 4.4102154,12.768966674804688,9.096508026123047,399.0,4.4102154,ssa,HA_6,Lululu,no,n/a,fully_inhabited,This settlement is in sule tankarkar LGA not babura,uuid:7e72d9c7-d294-4d01-ae10-dd1e96739f7a,7e72d9c7-d294-4d01-ae10-dd1e96739f7a,2018-05-30T05:26:27,n/a
2018-05-27T09:01:09.452+01,2018-05-30T06:23:52.672+01,1c:e2:cc:b0:ca:84,JI,18004,yes,Rugagen Tukwane jigawa ward babura lga,JI0207,yashim_monday,12.71048355102539 9.014925956726074 402.0 4.0360875,12.71048355102539,9.014925956726074,402.0,4.0360875,ha,HA_10,Rugagen Tukwane,no,n/a,fully_inhabited,n/a,uuid:17560b6c-55b1-46d6-a9ce-09962028ac51,17560b6c-55b1-46d6-a9ce-09962028ac51,2018-05-30T05:26:27,n/a
2018-05-27T10:39:06.510+01,2018-05-30T06:24:44.506+01,1c:e2:cc:b0:ca:84,JI,18004,no,n/a,JI0207,yashim_monday,12.695055961608887 9.00003433227539 417.0 4.5343137,12.695055961608887,9.00003433227539,417.0,4.5343137,ssa,HA_8,Mailefe sabuwa,yes,Totsi,fully_inhabited,Real settlement got burnt then they all relocated here.,uuid:d43e7940-045f-44ce-95f1-15293b9a88bb,d43e7940-045f-44ce-95f1-15293b9a88bb,2018-05-30T05:26:28,n/a
2018-05-26T11:18:54.681+01,2018-05-26T11:21:21.181+01,9df9edd9b516f489,JI,18012,yes,"Jigawa, Dutse, Madobi",JI0610,ahmad_isa,11.66572 9.368267999999999 0.0 0.0,11.66572,9.368267999999999,0.0,0.0,ha,HA_8,Gundidi,no,n/a,fully_inhabited,n/a,uuid:08a4ac97-eaaf-467d-a209-51d153f2e0e0,08a4ac97-eaaf-467d-a209-51d153f2e0e0,2018-05-30T12:30:28,n/a
2018-05-26T11:30:57.151+01,2018-05-26T11:34:18.488+01,9df9edd9b516f489,JI,18012,yes,Jigawa Dutse Madobi,JI0610,ahmad_isa,11.657748999999999 9.363441 0.0 0.0,11.657748999999999,9.363441,0.0,0.0,ha,HA_6,Kundidi,no,n/a,fully_inhabited,n/a,uuid:15267a20-7f2c-479a-b2c7-d0653d6763bc,15267a20-7f2c-479a-b2c7-d0653d6763bc,2018-05-30T12:30:28,n/a
2018-05-26T11:49:29.194+01,2018-05-26T11:52:05.718+01,9df9edd9b516f489,JI,18012,yes,Jigawa Dutse Madobi,JI0610,ahmad_isa,11.657867 9.358012 0.0 0.0,11.657867,9.358012,0.0,0.0,ha,HA_7,Garin Gabas,no,n/a,abandoned,Inaccessible,uuid:8bb61495-0b43-40f7-b8c7-021deab5693c,8bb61495-0b43-40f7-b8c7-021deab5693c,2018-05-30T12:30:29,n/a
2018-05-26T12:49:20.697+01,2018-05-26T12:53:23.216+01,9df9edd9b516f489,JI,18012,yes,"Jigawa, Dutse Kudai, ",JI0608,ahmad_isa,11.618224 9.364621 0.0 0.0,11.618224,9.364621,0.0,0.0,ha,HA_5,Kodiya,no,n/a,fully_inhabited,n/a,uuid:208d2a99-c341-4dbe-843a-d355bc756748,208d2a99-c341-4dbe-843a-d355bc756748,2018-05-30T12:30:29,n/a
2018-05-28T11:50:08.971+01,2018-05-28T11:55:03.956+01,9df9edd9b516f489,JI,18012,yes,Jigawa Dutse Sakwaya,JI0611,ahmad_isa,11.72622 9.186800999999999 0.0 0.0,11.72622,9.186800999999999,0.0,0.0,ha,HA_1,Gidan jeji,yes,Gidan abdulhayatu,abandoned,They have move 50 meters away,uuid:45edbe6d-e9f8-4c81-8395-5bd2a592525b,45edbe6d-e9f8-4c81-8395-5bd2a592525b,2018-05-30T12:30:30,n/a
2018-05-28T12:16:40.833+01,2018-05-28T12:19:25.848+01,9df9edd9b516f489,JI,18012,yes,Jigawa Dutse sakwaya,JI0611,ahmad_isa,11.752238 9.151074 0.0 0.0,11.752238,9.151074,0.0,0.0,ha,HA_2,Kabulle,no,n/a,fully_inhabited,n/a,uuid:7bcdee4f-5a44-4121-ab70-f2a1c287fe18,7bcdee4f-5a44-4121-ab70-f2a1c287fe18,2018-05-30T12:30:31,n/a
2018-05-28T12:36:34.852+01,2018-05-28T12:40:35.437+01,9df9edd9b516f489,JI,18012,yes,Jigawa Dutse sakwaya,JI0611,ahmad_isa,11.760907 9.173905 0.0 0.0,11.760907,9.173905,0.0,0.0,ha,HA_3,Jidawa,yes,Gidan Yalwa,fully_inhabited,n/a,uuid:a22cae86-315b-4e00-985b-688bfec87bcc,a22cae86-315b-4e00-985b-688bfec87bcc,2018-05-30T12:30:31,n/a
2018-05-28T12:57:37.828+01,2018-05-28T13:00:58.140+01,9df9edd9b516f489,JI,18012,yes,Jigawa Dutse sakwaya,JI0611,ahmad_isa,11.772708 9.202057 0.0 0.0,11.772708,9.202057,0.0,0.0,ha,HA_4,Warwade,yes,Mai Unguwa una Na daa,fully_inhabited,n/a,uuid:3f53beb1-67e5-4b85-bfa8-3b612f461cee,3f53beb1-67e5-4b85-bfa8-3b612f461cee,2018-05-30T12:30:32,n/a
2018-05-29T12:39:40.681+01,2018-05-29T12:44:40.477+01,9df9edd9b516f489,JI,18012,yes,Jigawa Dutse Kudai,JI0608,ahmad_isa,11.613299 9.331641 0.0 0.0,11.613299,9.331641,0.0,0.0,ha,HA_2,Unguwar Juda,no,n/a,abandoned,It's a tree not settlement,uuid:46fb249d-7a30-4f98-bdc4-c2d56f6a76ad,46fb249d-7a30-4f98-bdc4-c2d56f6a76ad,2018-05-30T12:30:33,n/a
2018-05-29T12:58:11.251+01,2018-05-29T13:02:21.017+01,9df9edd9b516f489,JI,18012,yes,Jigawa Dutse Kudai,JI0608,ahmad_isa,11.608181 9.326963 0.0 0.0,11.608181,9.326963,0.0,0.0,ha,HA_5,Unguwar Juda,no,n/a,fully_inhabited,n/a,uuid:cc1fbabd-2ade-48aa-97ce-e94869dcb738,cc1fbabd-2ade-48aa-97ce-e94869dcb738,2018-05-30T12:30:33,n/a
2018-05-29T13:12:57.729+01,2018-05-29T13:14:58.572+01,9df9edd9b516f489,JI,18012,yes,Jigawa Dutse Kudai,JI0608,ahmad_isa,11.600090999999999 9.31765 0.0 0.0,11.600090999999999,9.31765,0.0,0.0,ha,HA_2,Unknown,no,n/a,abandoned,It's a mango tree,uuid:37e5fd29-dad6-48a1-9a09-9cc23392943e,37e5fd29-dad6-48a1-9a09-9cc23392943e,2018-05-30T12:30:34,n/a
2018-05-29T13:26:05.755+01,2018-05-29T13:27:41.476+01,9df9edd9b516f489,JI,18012,yes,Jigawa Dutse Kudai,JI0608,ahmad_isa,11.607398 9.347412 0.0 0.0,11.607398,9.347412,0.0,0.0,ha,HA_5,Sabalari,no,n/a,fully_inhabited,n/a,uuid:88297fc5-33f9-4144-a6e3-3e8a0bb06ae3,88297fc5-33f9-4144-a6e3-3e8a0bb06ae3,2018-05-30T12:30:35,n/a
2018-05-26T10:36:01.248+01,2018-05-26T11:15:26.485+01,1c:e2:cc:b0:8d:a8,SO,611,yes,"Sokoto, Kware, Bankanu",61101,augustine_francis,13.286075592041016 5.199236869812012 303.0 1.2529964,13.286075592041016,5.199236869812012,303.0,1.2529964,ha,HA_13,Kasgada A,no,n/a,fully_inhabited,Kasgada settlement is a very big settlement with other scattered hamlets around it.,uuid:8181f2a3-c4cf-41de-9355-5c8304608ea3,8181f2a3-c4cf-41de-9355-5c8304608ea3,2018-05-30T15:09:44,n/a
2018-05-27T10:44:19.167+01,2018-05-27T10:46:10.025+01,1c:e2:cc:b0:8d:a8,SO,611,yes,"Sokoto, Kware, Sabon Birni",61109,augustine_francis,13.254071235656738 5.258502960205078 289.0 0.781025,13.254071235656738,5.258502960205078,289.0,0.781025,ha,HA_7,Tunga Labbo,no,n/a,fully_inhabited,Vaccinators have never visited the settlement before and it is more than 20 years old.,uuid:b47fd092-f968-4f05-b467-12649c5eb3e9,b47fd092-f968-4f05-b467-12649c5eb3e9,2018-05-30T15:09:44,n/a
2018-05-27T11:23:49.404+01,2018-05-27T11:25:17.782+01,1c:e2:cc:b0:8d:a8,SO,611,yes,"Sokoto, Kware, Sabon Birni",61109,augustine_francis,13.287609100341797 5.280861854553223 307.0 1.2806249,13.287609100341797,5.280861854553223,307.0,1.2806249,ha,HA_3,Gangaren Bela,no,n/a,fully_inhabited,Vaccinators have not visited this settlement this year.,uuid:348129d0-455e-42fe-a088-6aa6f59f3a40,348129d0-455e-42fe-a088-6aa6f59f3a40,2018-05-30T15:09:45,n/a
2018-05-27T11:38:29.195+01,2018-05-27T11:40:35.629+01,1c:e2:cc:b0:8d:a8,SO,611,yes,"Sokoto, Kware, Sabon Birni",61109,augustine_francis,13.28849983215332 5.274853706359863 309.0 1.3000001,13.28849983215332,5.274853706359863,309.0,1.3000001,ha,HA_9,Gangaren Bela B,no,n/a,fully_inhabited,Vaccinators have never visited the settlement but the man of the house said children usually visit neighboring village to be vaccinated.,uuid:43f3ceca-ff9b-488c-a590-5cb7b7f0a02e,43f3ceca-ff9b-488c-a590-5cb7b7f0a02e,2018-05-30T15:09:46,n/a
2018-05-25T13:19:00.151+01,2018-05-25T13:20:46.501+01,358811078545611,GO,16001,no,n/a,GMSAKK02,ibrahim_mohammed,10.190366 11.092611999999999 0.0 0.0,10.190366,11.092611999999999,0.0,0.0,ssa,SSA_4,Dundadu,no,n/a,fully_inhabited,n/a,uuid:6c907656-27fd-4362-8ac2-ba2699463c0c,6c907656-27fd-4362-8ac2-ba2699463c0c,2018-05-30T20:52:29,n/a
2018-05-25T13:23:37.286+01,2018-05-30T21:48:55.219+01,358811078545611,GO,16001,no,n/a,GMSAKK02,ibrahim_mohammed,10.194507 11.08997 0.0 0.0,10.194507,11.08997,0.0,0.0,ha,HA_25,Rigar Dundadu,no,n/a,fully_inhabited,n/a,uuid:19e390cb-d71a-45c6-a5ab-a2ba1a9cc055,19e390cb-d71a-45c6-a5ab-a2ba1a9cc055,2018-05-30T20:52:30,n/a
2018-05-25T13:31:13.035+01,2018-05-30T21:49:50.873+01,358811078545611,GO,16001,no,n/a,GMSAKK02,ibrahim_mohammed,10.192632 11.096427 0.0 0.0,10.192632,11.096427,0.0,0.0,ha,HA_22,Dundadu ,no,n/a,fully_inhabited,n/a,uuid:465b26ab-053a-4da8-bdcf-b53edfacd46c,465b26ab-053a-4da8-bdcf-b53edfacd46c,2018-05-30T20:52:31,n/a
2018-05-26T10:53:53.134+01,2018-05-29T17:49:24.458+01,358811078545611,GO,16001,no,n/a,GMSAKK02,ibrahim_mohammed,10.197968 11.192734 0.0 0.0,10.197968,11.192734,0.0,0.0,ssa,SSA_23,Gajumi,no,n/a,fully_inhabited,n/a,uuid:33964e95-1b54-42fc-ae07-853b67342b71,33964e95-1b54-42fc-ae07-853b67342b71,2018-05-30T20:52:31,n/a
2018-05-26T11:19:14.123+01,2018-05-26T11:20:06.681+01,358811078545611,GO,16001,no,n/a,GMSAKK02,ibrahim_mohammed,10.197809 11.209551999999999 0.0 0.0,10.197809,11.209551999999999,0.0,0.0,ha,HA_16,Empty Land,no,n/a,abandoned,n/a,uuid:487c31c6-c30c-4676-aee3-cb845508b3ac,487c31c6-c30c-4676-aee3-cb845508b3ac,2018-05-30T20:52:32,n/a
2018-05-26T11:33:29.202+01,2018-05-26T17:34:48.847+01,358811078545611,GO,16001,yes,"Gombe, Akko, and Kalshingi",GMSAKK03,ibrahim_mohammed,10.19806711 11.21368335 417.0 4.5509996,10.19806711,11.21368335,417.0,4.5509996,ha,HA_36,Bayi Banga,no,n/a,fully_inhabited,n/a,uuid:eedca1dc-2f3e-4357-a9c2-53032f09125e,eedca1dc-2f3e-4357-a9c2-53032f09125e,2018-05-30T20:55:54,n/a
2018-05-26T11:53:25.341+01,2018-05-26T17:26:31.326+01,358811078545611,GO,16001,yes,"Gombe, Akko, and Kalshingi",GMSAKK02,ibrahim_mohammed,10.18853441 11.20519856 440.0 4.5509996,10.18853441,11.20519856,440.0,4.5509996,ha,HA_16,Ankagi,no,n/a,fully_inhabited,n/a,uuid:fb7fee04-8ec2-4736-9ccf-40a08e841304,fb7fee04-8ec2-4736-9ccf-40a08e841304,2018-05-30T20:55:55,n/a
2018-05-26T11:59:09.502+01,2018-05-29T17:53:27.495+01,358811078545611,GO,16001,no,n/a,GMSAKK02,ibrahim_mohammed,10.19243471 11.20005883 448.0 4.5509996,10.19243471,11.20005883,448.0,4.5509996,ha,HA_20,Wuro Ingaga,no,n/a,fully_inhabited,n/a,uuid:de13d910-03ed-45d3-847e-06911f6e4e17,de13d910-03ed-45d3-847e-06911f6e4e17,2018-05-30T20:55:56,n/a
2018-05-26T12:09:38.399+01,2018-05-26T17:27:40.134+01,358811078545611,GO,16001,no,n/a,GMSAKK02,ibrahim_mohammed,10.19326394 11.19397139 467.0 4.5509996,10.19326394,11.19397139,467.0,4.5509996,ha,HA_21,Kubini Baba,no,n/a,patially_inhabited,n/a,uuid:26d0d9bf-ecfa-4941-94c1-69ec58a495f6,26d0d9bf-ecfa-4941-94c1-69ec58a495f6,2018-05-30T20:55:57,n/a
2018-05-26T12:27:39.302+01,2018-05-26T17:29:15.120+01,358811078545611,GO,16001,no,n/a,GMSAKK02,ibrahim_mohammed,10.19186479 11.18504516 473.0 4.5509996,10.19186479,11.18504516,473.0,4.5509996,ha,HA_19,Empty Land,no,n/a,abandoned,It's an Empty Land,uuid:58f2dbde-745b-47da-9283-935fd80995bf,58f2dbde-745b-47da-9283-935fd80995bf,2018-05-30T20:55:58,n/a
2018-05-28T09:36:20.858+01,2018-05-28T20:16:17.907+01,358811078545611,GO,16001,no,n/a,GMSAKK01,ibrahim_mohammed,10.28357298 10.97454364 622.0 4.5509996,10.28357298,10.97454364,622.0,4.5509996,ha,HA_24,Jauro Musa,no,n/a,fully_inhabited,n/a,uuid:94522dac-6c40-4933-951b-b709ec438e4e,94522dac-6c40-4933-951b-b709ec438e4e,2018-05-30T20:55:59,n/a
2018-05-28T09:49:28.958+01,2018-05-28T20:16:31.917+01,358811078545611,GO,16001,no,n/a,GMSAKK01,ibrahim_mohammed,10.28007688 10.9690172 618.0 4.5509996,10.28007688,10.9690172,618.0,4.5509996,ssa,HA_22,Jauro Bello,no,n/a,fully_inhabited,n/a,uuid:4c4f9553-9398-4917-b395-106fecb38b42,4c4f9553-9398-4917-b395-106fecb38b42,2018-05-30T20:56:00,n/a
2018-05-28T10:12:56.222+01,2018-05-28T20:16:50.393+01,358811078545611,GO,16001,no,n/a,GMSAKK01,ibrahim_mohammed,10.26997481 10.97293369 621.0 4.5509996,10.26997481,10.97293369,621.0,4.5509996,ha,HA_19,Jauro Karima,no,n/a,fully_inhabited,n/a,uuid:f44179bf-6160-4e35-9c6d-b945009bd1e1,f44179bf-6160-4e35-9c6d-b945009bd1e1,2018-05-30T20:56:01,n/a
2018-05-28T10:49:49.103+01,2018-05-28T20:14:22.072+01,358811078545611,GO,16001,no,n/a,GMSAKK01,ibrahim_mohammed,10.27099994 10.94458182 583.0 4.5509996,10.27099994,10.94458182,583.0,4.5509996,ha,HA_18,Babaro,yes,Rigar Wiwi,patially_inhabited,n/a,uuid:2f16b721-e942-48c9-99c2-ed371262433b,2f16b721-e942-48c9-99c2-ed371262433b,2018-05-30T20:56:02,n/a
2018-05-28T10:59:57.677+01,2018-05-28T20:14:43.055+01,358811078545611,GO,16001,no,n/a,GMSAKK01,ibrahim_mohammed,10.26240081 10.94154621 570.0 4.5509996,10.26240081,10.94154621,570.0,4.5509996,ha,HA_11,Wuro Musa,no,n/a,fully_inhabited,n/a,uuid:475bac2f-9068-45b7-9c03-e7bfb0562c6b,475bac2f-9068-45b7-9c03-e7bfb0562c6b,2018-05-30T20:56:03,n/a
2018-05-28T11:22:13.490+01,2018-05-28T20:15:31.705+01,358811078545611,GO,16001,no,n/a,GMSAKK10,ibrahim_mohammed,10.21941573 10.93938993 578.0 4.5509996,10.21941573,10.93938993,578.0,4.5509996,ha,HA_75,Farm House,no,n/a,abandoned,Resting place for Farmers,uuid:6766acc2-92ab-4c99-a8af-a26ff6b4edbc,6766acc2-92ab-4c99-a8af-a26ff6b4edbc,2018-05-30T20:56:03,n/a
2018-05-30T11:55:06.550+01,2018-05-30T21:55:35.755+01,358811078545611,GO,16001,yes,"Gombe, Kaltungo",GMSAKK06,ibrahim_mohammed,10.02560495 11.30539475 377.0 4.5509996,10.02560495,11.30539475,377.0,4.5509996,ssa,SSA_9,Juga,no,n/a,fully_inhabited,n/a,uuid:60d1c1e8-8141-4a60-a938-f4dcf5a9d2ee,60d1c1e8-8141-4a60-a938-f4dcf5a9d2ee,2018-05-30T20:56:04,n/a
2018-05-25T11:45:09.855+01,2018-05-29T09:49:34.719+01,866861030520520,GO,16001,no,n/a,GMSAKK02,hassan_garba,10.292456 11.113475 0.0 0.0,10.292456,11.113475,0.0,0.0,ssa,HA_70,NNPC Depot,no,n/a,abandoned,The correct coordinates should be shifted few meter south of this coordinates,uuid:7e7f931f-8b30-4e19-8fcf-4f13ecbb05a1,7e7f931f-8b30-4e19-8fcf-4f13ecbb05a1,2018-05-30T21:02:08,n/a
2018-05-25T11:57:32.728+01,2018-05-25T12:06:11.090+01,866861030520520,GO,16001,no,n/a,GMSAKK02,hassan_garba,10.301838 11.113495 0.0 0.0,10.301838,11.113495,0.0,0.0,ha,HA_72,Tumfure Depot Layout,no,n/a,patially_inhabited,n/a,uuid:2b822640-1aa1-46b1-a8de-59f0e3e3a80a,2b822640-1aa1-46b1-a8de-59f0e3e3a80a,2018-05-30T21:02:42,n/a
2018-05-25T12:38:53.347+01,2018-05-25T12:41:52.775+01,866861030520520,GO,16001,no,n/a,GMSAKK02,hassan_garba,10.30843 11.121526 0.0 0.0,10.30843,11.121526,0.0,0.0,ssa,HA_75,Western Bye Pass estate,no,n/a,abandoned,The settlement is under construction and not inhabited,uuid:753d0207-0e47-436d-be26-705fdff0c523,753d0207-0e47-436d-be26-705fdff0c523,2018-05-30T21:03:16,n/a
2018-05-25T15:00:05.148+01,2018-05-25T15:01:36.511+01,866861030520520,GO,16001,no,n/a,GMSAKK02,hassan_garba,10.148118 11.193513 0.0 0.0,10.148118,11.193513,0.0,0.0,ha,HA_2,Denga,no,n/a,fully_inhabited,Satisfy,uuid:80595d16-b196-4d03-92bf-d0f56ddd7826,80595d16-b196-4d03-92bf-d0f56ddd7826,2018-05-30T21:03:30,n/a
2018-05-26T10:25:12.455+01,2018-05-26T11:27:00.249+01,866861030520520,GO,16001,no,n/a,GMSAKK02,hassan_garba,10.218698 11.135771 0.0 0.0,10.218698,11.135771,0.0,0.0,ha,HA_42,Gidan Dula,yes,Ardo Hari,patially_inhabited,n/a,uuid:14b770d6-7fa1-4c67-81aa-f7c61691b70e,14b770d6-7fa1-4c67-81aa-f7c61691b70e,2018-05-30T21:03:44,n/a
2018-05-26T11:13:16.623+01,2018-05-26T11:14:29.765+01,866861030520520,GO,16001,no,n/a,GMSAKK02,hassan_garba,10.214151 11.133614999999999 0.0 0.0,10.214151,11.133614999999999,0.0,0.0,ha,HA_36,Wuro Dau,no,n/a,fully_inhabited,n/a,uuid:71328fae-eb67-4583-b329-3fe9148ebf21,71328fae-eb67-4583-b329-3fe9148ebf21,2018-05-30T21:03:58,n/a
2018-05-28T09:04:41.676+01,2018-05-28T20:35:28.241+01,866861030520520,GO,16001,no,n/a,GMSAKK01,hassan_garba,10.293384999999999 11.062413 0.0 0.0,10.293384999999999,11.062413,0.0,0.0,ha,HA_34,No settlement,no,n/a,abandoned,This coordinates falls on a poultry farm and there is no settlement close to it,uuid:44a9e7bb-dfb2-4b47-a52a-908d284889d9,44a9e7bb-dfb2-4b47-a52a-908d284889d9,2018-05-30T21:04:07,n/a
2018-05-28T09:11:33.847+01,2018-05-28T20:36:50.719+01,866861030520520,GO,16001,no,n/a,GMSAKK01,hassan_garba,10.297943 11.061359 0.0 0.0,10.297943,11.061359,0.0,0.0,ha,HA_37,No settlement,no,n/a,abandoned,This is an open farmland,uuid:4690e92d-dcd1-45ce-a58a-8ed6dec36ec0,4690e92d-dcd1-45ce-a58a-8ed6dec36ec0,2018-05-30T21:04:14,n/a
2018-05-28T09:33:29.109+01,2018-05-28T20:37:55.651+01,866861030520520,GO,16001,no,n/a,GMSAKK01,hassan_garba,10.279710999999999 11.06475 0.0 0.0,10.279710999999999,11.06475,0.0,0.0,ha,HA_21,Lafiyawo Gidan Mai Chibi,no,n/a,fully_inhabited,n/a,uuid:44161e73-b9d9-496b-ba0e-21f243feeb78,44161e73-b9d9-496b-ba0e-21f243feeb78,2018-05-30T21:05:14,n/a
2018-05-28T09:58:05.945+01,2018-05-28T20:39:08.835+01,866861030520520,GO,16001,no,n/a,GMSAKK01,hassan_garba,10.269435 11.05397 0.0 0.0,10.269435,11.05397,0.0,0.0,ha,HA_17,No Settlement,no,n/a,abandoned,"There is no settlement close to this point, it's just an open farmlands",uuid:83ffc991-1b0a-4bd5-9902-ee30bc36578e,83ffc991-1b0a-4bd5-9902-ee30bc36578e,2018-05-30T21:05:22,n/a
2018-05-30T10:57:27.283+01,2018-05-30T10:59:32.922+01,866861030520520,GO,16006,no,n/a,16006_01,hassan_garba,10.281621 11.13152 0.0 0.0,10.281621,11.13152,0.0,0.0,ha,HA_1,PHCN Sub Station,yes,New Orji Layout,abandoned,It belongs to Jekadafari ward,uuid:ab34e3ec-8610-424f-b4e2-6283dd9a85a6,ab34e3ec-8610-424f-b4e2-6283dd9a85a6,2018-05-30T21:05:28,n/a
2018-05-30T11:13:53.454+01,2018-05-30T11:15:49.306+01,866861030520520,GO,16006,no,n/a,16006_01,hassan_garba,10.284775999999999 11.128217999999999 0.0 0.0,10.284775999999999,11.128217999999999,0.0,0.0,ha,HA_2,New Orji Layout,no,n/a,abandoned,The place is non residential,uuid:2f09d7f3-bb3b-4b3e-a286-e20eb4834578,2f09d7f3-bb3b-4b3e-a286-e20eb4834578,2018-05-30T21:05:35,n/a
2018-05-30T11:20:39.027+01,2018-05-30T11:25:19.810+01,866861030520520,GO,16006,no,n/a,16006_01,hassan_garba,10.28627 11.124944 0.0 0.0,10.28627,11.124944,0.0,0.0,ha,HA_3,New Orji Layout,no,n/a,abandoned,Uncompleted structures with no inhabitants,uuid:eb494f4a-a7eb-4a4e-93c0-4aee509ee22f,eb494f4a-a7eb-4a4e-93c0-4aee509ee22f,2018-05-30T21:05:49,n/a
2018-05-28T10:39:04.175Z,2018-05-28T10:43:02.863Z,1c:e2:cc:b6:11:5b,JI,18027,no,n/a,JI1505,oche_udeh,12.164159999999999 9.921211999999999 0.0 0.0,12.164159999999999,9.921211999999999,0.0,0.0,ha,HA_16,Salawa Haruna,no,n/a,fully_inhabited,Non,uuid:9fbcfb4b-e096-4302-899f-6892fbd8665d,9fbcfb4b-e096-4302-899f-6892fbd8665d,2018-05-30T22:32:53,n/a
2018-05-28T11:02:31.128Z,2018-05-29T13:16:24.378Z,1c:e2:cc:b6:11:5b,JI,18027,no,n/a,JI1502,oche_udeh,12.135 9.923615 0.0 0.0,12.135,9.923615,0.0,0.0,ha,HA_46,Indawa,no,n/a,fully_inhabited,"The buffer on the machine generated name (HA_46), is wrongly placed. The settlement is where this new coordinates are dropped.",uuid:69fcc9b1-e8de-473e-b86b-cdd16d4b8987,69fcc9b1-e8de-473e-b86b-cdd16d4b8987,2018-05-30T22:32:55,n/a
2018-05-28T11:20:21.111Z,2018-05-29T13:18:49.851Z,1c:e2:cc:b6:11:5b,JI,18027,no,n/a,JI1502,oche_udeh,12.128444 9.927477 0.0 0.0,12.128444,9.927477,0.0,0.0,ha,HA_43,Gulgeri,no,n/a,fully_inhabited,"Buffer wrongly placed, new coordinates is the residential area.",uuid:95eaabd2-2f37-42f5-8bcb-993c032fa18e,95eaabd2-2f37-42f5-8bcb-993c032fa18e,2018-05-30T22:32:57,n/a
2018-05-28T11:33:35.503Z,2018-05-29T13:23:34.392Z,1c:e2:cc:b6:11:5b,JI,18027,no,n/a,JI1502,oche_udeh,12.11793 9.919001 0.0 0.0,12.11793,9.919001,0.0,0.0,ha,HA_40,Not a settlement,no,n/a,abandoned,"Not residential, empty land.",uuid:efd71b70-107d-4629-a675-e8de8370b3a9,efd71b70-107d-4629-a675-e8de8370b3a9,2018-05-30T22:32:59,n/a
2018-05-28T11:38:56.482Z,2018-05-29T13:27:01.256Z,1c:e2:cc:b6:11:5b,JI,18027,no,n/a,JI1502,oche_udeh,12.114003 9.918379 0.0 0.0,12.114003,9.918379,0.0,0.0,ha,HA_37,"Not a settlement, empty land.",no,n/a,abandoned,Not a settlement.,uuid:dfcd93aa-a9f7-4f1e-99ad-077d2ee060eb,dfcd93aa-a9f7-4f1e-99ad-077d2ee060eb,2018-05-30T22:33:01,n/a
2018-05-28T11:57:16.884Z,2018-05-31T00:29:01.793Z,1c:e2:cc:b6:11:5b,JI,18027,no,n/a,JI1505,oche_udeh,12.213265999999999 9.914174 0.0 0.0,12.213265999999999,9.914174,0.0,0.0,bua,HA_15,Agura,no,n/a,fully_inhabited,"Not on the our map, but it's a BUA on ground. The machine generated name selected is not allocated to that point, it was only selected to be able to save the form. The correct name of the settlement is Aguro, but it was wrongly named Twagwaye.",uuid:6435b659-cb93-44ae-beaa-c0c2b29fdc1c,6435b659-cb93-44ae-beaa-c0c2b29fdc1c,2018-05-30T22:33:03,n/a
2018-05-30T11:29:45.075Z,2018-05-30T23:54:05.610Z,1c:e2:cc:b6:11:5b,JI,18027,no,n/a,JI1502,oche_udeh,12.101353999999999 9.922241999999999 0.0 0.0,12.101353999999999,9.922241999999999,0.0,0.0,ha,HA_28,Sai Gana Auno,no,n/a,fully_inhabited,Buffer should be re-adjusted around this new point picked.,uuid:5999f080-da1e-48d8-afd4-a91ecd166499,5999f080-da1e-48d8-afd4-a91ecd166499,2018-05-30T22:33:06,n/a
2018-05-30T11:42:53.636Z,2018-05-31T00:07:54.022Z,1c:e2:cc:b6:11:5b,JI,18027,no,n/a,JI1502,oche_udeh,12.098263999999999 9.90059 0.0 0.0,12.098263999999999,9.90059,0.0,0.0,ha,HA_26,Saluwaro,no,n/a,fully_inhabited,Buffer should be adjusted around this point.,uuid:5fb873be-2b90-4b4f-acb6-76f7ec5a9793,5fb873be-2b90-4b4f-acb6-76f7ec5a9793,2018-05-30T22:33:08,n/a
2018-05-30T11:55:25.222Z,2018-05-31T00:11:07.436Z,1c:e2:cc:b6:11:5b,JI,18027,no,n/a,JI1502,oche_udeh,12.106546999999999 9.901513999999999 0.0 0.0,12.106546999999999,9.901513999999999,0.0,0.0,ha,HA_32,Auno Baili,no,n/a,fully_inhabited,n/a,uuid:77b6ca54-c60f-4ca8-b8ab-26710c4c7319,77b6ca54-c60f-4ca8-b8ab-26710c4c7319,2018-05-30T22:33:09,n/a
2018-05-30T12:02:08.330Z,2018-05-31T00:05:26.686Z,1c:e2:cc:b6:11:5b,JI,18027,no,n/a,JI1502,oche_udeh,12.103993 9.905611 0.0 0.0,12.103993,9.905611,0.0,0.0,ha,HA_29,Auno Bogawo,no,n/a,fully_inhabited,n/a,uuid:d2d9f272-49da-4559-8893-778245b0e812,d2d9f272-49da-4559-8893-778245b0e812,2018-05-30T22:33:11,n/a
2018-05-30T12:09:03.108Z,2018-05-31T00:21:49.310Z,1c:e2:cc:b6:11:5b,JI,18027,no,n/a,JI1502,oche_udeh,12.109229 9.910311 0.0 0.0,12.109229,9.910311,0.0,0.0,ha,HA_30,Auno Ibrahim Gabas,no,n/a,fully_inhabited,"This is a part of a primary settlement called Auno Ibrahim. Also, the buffer should be re-adjusted around this point.",uuid:14099418-73e9-473d-9c82-2226fa645b10,14099418-73e9-473d-9c82-2226fa645b10,2018-05-30T22:33:13,n/a
2018-05-30T12:22:24.178Z,2018-05-30T23:51:49.785Z,1c:e2:cc:b6:11:5b,JI,18027,no,n/a,JI1502,oche_udeh,12.113144 9.926705 0.0 0.0,12.113144,9.926705,0.0,0.0,ha,HA_36,Auno Markewa,no,n/a,patially_inhabited,"The settlement is spartially inhabited, with most structures barns and silos.",uuid:3271a1a6-78c9-46b2-a4c0-c0675aa367e0,3271a1a6-78c9-46b2-a4c0-c0675aa367e0,2018-05-30T22:33:15,n/a
2018-05-26T09:16:55.517+01,2018-05-26T11:01:32.077+01,1c:e2:cc:d0:25:61,GO,16008,no,n/a,GMSKWM05,aminu_yahaya,10.479572 11.10074 0.0 0.0,10.479572,11.10074,0.0,0.0,ha,HA_13,Gagaru Gadam,no,n/a,patially_inhabited,n/a,uuid:861ce792-28a8-40ca-848a-604e70540b32,861ce792-28a8-40ca-848a-604e70540b32,2018-05-31T04:45:34,n/a
2018-05-26T11:59:25.523+01,2018-05-26T12:03:28.606+01,1c:e2:cc:d0:25:61,GO,16008,no,n/a,GMSKWM05,aminu_yahaya,10.496191 11.055142 0.0 0.0,10.496191,11.055142,0.0,0.0,ssa,SSA_15,Angwa Chiroma,no,n/a,patially_inhabited,n/a,uuid:8def7682-8cfa-41a4-b026-f8b6d9548328,8def7682-8cfa-41a4-b026-f8b6d9548328,2018-05-31T04:45:35,n/a
2018-05-26T13:07:21.511+01,2018-05-26T13:11:17.975+01,1c:e2:cc:d0:25:61,GO,16008,no,n/a,GMSKWM08,aminu_yahaya,10.390319 11.089625 0.0 0.0,10.390319,11.089625,0.0,0.0,ssa,SSA_1,Zangala,no,n/a,patially_inhabited,n/a,uuid:5cd9932f-0524-45ca-bf54-635cdb9d7ebf,5cd9932f-0524-45ca-bf54-635cdb9d7ebf,2018-05-31T04:45:38,n/a
2018-05-26T13:36:10.693+01,2018-05-26T13:51:41.886+01,1c:e2:cc:d0:25:61,GO,16008,no,n/a,GMSKWM05,aminu_yahaya,10.368432 11.104065 0.0 0.0,10.368432,11.104065,0.0,0.0,ha,HA_2,"This is an open railway road junction close to Mobile Police Barrack, This open railway junction is on Kwami ward and not on Gaddam ward.",no,n/a,abandoned,"This is an empty railway junction,close to a Mobile Police Barrack, on Kwami ward, but was mistakenly found on Gaddam ward. ",uuid:5b59791e-59f2-4e0f-80eb-0bf89a1990ae,5b59791e-59f2-4e0f-80eb-0bf89a1990ae,2018-05-31T04:45:39,n/a
2018-05-27T14:31:36.164+01,2018-05-27T14:38:24.294+01,1c:e2:cc:d0:25:61,GO,16008,no,n/a,GMSKWM09,aminu_yahaya,10.516962999999999 11.305295 0.0 0.0,10.516962999999999,11.305295,0.0,0.0,ha,HA_11,Farm area no settlement,no,n/a,abandoned,"This is a farm area no settlements at all, pictures are been by me to display this location.",uuid:f9c9bf57-83d4-4fc5-afcc-bf2a8b906ad2,f9c9bf57-83d4-4fc5-afcc-bf2a8b906ad2,2018-05-31T04:45:40,n/a
2018-05-27T15:10:15.119+01,2018-05-27T15:14:04.155+01,1c:e2:cc:d0:25:61,GO,16008,no,n/a,GMSKWM09,aminu_yahaya,10.453973 11.241995 0.0 0.0,10.453973,11.241995,0.0,0.0,ssa,HA_4,Jauro Madu,no,n/a,patially_inhabited,The real name is Jauru Madu,uuid:6b5eb44a-46a5-4f8b-9d71-3eb160369749,6b5eb44a-46a5-4f8b-9d71-3eb160369749,2018-05-31T04:45:41,n/a
2018-05-27T15:18:25.484+01,2018-05-27T15:22:42.625+01,1c:e2:cc:d0:25:61,GO,16008,no,n/a,GMSKWM09,aminu_yahaya,10.456666 11.242382 0.0 0.0,10.456666,11.242382,0.0,0.0,ha,HA_5,This an open empty land.,no,n/a,abandoned,Open empty land pictures of was taken on this open land.,uuid:42e30b70-0b3f-4068-97ba-2fc509f710f2,42e30b70-0b3f-4068-97ba-2fc509f710f2,2018-05-31T04:45:42,n/a
2018-05-30T11:54:07.949+01,2018-05-31T06:12:59.905+01,358811079529408,GO,16001,no,n/a,GMSAKK06,musa_yushau,10.0399532 11.28193354 398.0 4.5509996,10.0399532,11.28193354,398.0,4.5509996,ssa,SSA_6,Garin Ardo kadiri,no,n/a,fully_inhabited,n/a,uuid:de0fc51d-0e08-4e81-a09a-f619cbdc1582,de0fc51d-0e08-4e81-a09a-f619cbdc1582,2018-05-31T05:13:09,n/a
2018-05-27T11:11:23.760+01,2018-05-27T13:01:02.027+01,44:c1:5c:f9:30:9c,JI,18025,yes,"Jigawa, kiyawa ,kiyawa ward",JI1907,zakari_mohammed,11.823744999999999 9.66786 0.0 0.0,11.823744999999999,9.66786,0.0,0.0,ha,HA_15,Gidan Malu nomadic,yes,Gidan malu,patially_inhabited,n/a,uuid:a5676819-a596-406b-a93d-86358678806e,a5676819-a596-406b-a93d-86358678806e,2018-05-31T10:57:48,n/a
2018-05-27T12:21:30.963+01,2018-05-27T12:57:34.947+01,44:c1:5c:f9:30:9c,JI,18025,yes,"Jigawa ,kiyawa ,kiyawa ward",JI1907,zakari_mohammed,11.806042 9.656037 0.0 0.0,11.806042,9.656037,0.0,0.0,ha,HA_7,Koromi,no,n/a,patially_inhabited,n/a,uuid:52811290-e866-4a83-b18f-b63b73f58706,52811290-e866-4a83-b18f-b63b73f58706,2018-05-31T10:57:48,n/a
2018-05-30T09:04:02.672+01,2018-05-30T10:42:49.797+01,44:c1:5c:f9:30:9c,JI,18025,yes,"Jigawa,kiyawa,kiyawa",JI1907,zakari_mohammed,11.795098999999999 9.576815999999999 0.0 0.0,11.795098999999999,9.576815999999999,0.0,0.0,ha,HA_8,Tsohuwar kanoke,no,n/a,fully_inhabited,I had to add it as HA 20 because only machine generated names option were provided they re all in HA's.these settlement has its name written but not provided the option of HA,uuid:2623a7a1-2e84-4bdd-bdae-8ceee58e4e76,2623a7a1-2e84-4bdd-bdae-8ceee58e4e76,2018-05-31T10:57:49,n/a
2018-05-27T12:03:11.042+01,2018-05-27T12:09:42.139+01,1c:e2:cc:d0:06:76,JI,18020,yes,"Jigawa,Ringim,Ringim",JI2306,augustine_moses,12.164986610412598 9.185342788696289 408.0 1.0816654,12.164986610412598,9.185342788696289,408.0,1.0816654,ssa,HA_12,This is a School.Abdullahi Mai Massallaci Islamic Secondary School,no,n/a,fully_inhabited,It is not a Settlement but a day School.,uuid:3c5abe38-0ba9-408e-b9aa-1747f22a762c,3c5abe38-0ba9-408e-b9aa-1747f22a762c,2018-05-31T12:26:47,n/a
2018-05-27T12:20:05.905+01,2018-05-27T12:22:42.422+01,1c:e2:cc:d0:06:76,JI,18020,yes,"Jigawa, Ringim, Ringim",JI2306,augustine_moses,12.159836769104004 9.180278778076172 419.0 3.7443292,12.159836769104004,9.180278778076172,419.0,3.7443292,ssa,HA_9,Boarding Primary School,no,n/a,fully_inhabited,It is a settlement but a School,uuid:edaced8a-377a-4771-b3c9-5ae2090c4681,edaced8a-377a-4771-b3c9-5ae2090c4681,2018-05-31T12:26:48,n/a
2018-05-30T09:06:28.749Z,2018-05-30T09:10:12.409Z,865889034074096,JI,18009,yes,"Jigawa, Gwiwa and Yola",JI1201,rotimi_moses,12.810873333333332 8.394965000000001 453.7 3.7,12.810873333333332,8.394965000000001,453.7,3.7,bua,HA_4,"Urban area, Yola",no,n/a,fully_inhabited,"It belong to Yola ward but was collected under Buntusu ward because Yola was not displayed on the form, pls, the coordinates collected should be moved to Yola ward.",uuid:2b5c6003-eff7-471b-9b3a-74265ddd58ee,2b5c6003-eff7-471b-9b3a-74265ddd58ee,2018-06-01T11:05:49,n/a
2018-05-31T06:58:26.193Z,2018-05-31T08:46:43.736Z,865889034074096,JI,18015,yes,"Jigawa, Roni and Gwiwa",JI2410,rotimi_moses,12.691031666666667 8.28126 496.7 4.0,12.691031666666667,8.28126,496.7,4.0,ssa,HA_4,Unity secondary school Roni,no,n/a,patially_inhabited,Some parts belong to Gwiwa inhabited by students is student hostel while the other part belong to Roni where teachers with under five children live. ,uuid:b7e70dd3-d374-4a99-a51a-0cc983813bb9,b7e70dd3-d374-4a99-a51a-0cc983813bb9,2018-06-01T11:05:50,n/a
2018-05-30T12:02:38.328+01,2018-05-31T06:10:27.187+01,358811078545611,GO,16001,yes,"Gombe, Kaltungo",GMSAKK06,ibrahim_mohammed,10.0275226 11.31402435 369.0 4.5509996,10.0275226,11.31402435,369.0,4.5509996,ssa,SSA_13,Jalingo Kamu,no,n/a,fully_inhabited,n/a,uuid:7dc4e6e7-8a7b-4b35-a06e-af9d73a878d2,7dc4e6e7-8a7b-4b35-a06e-af9d73a878d2,2018-06-02T17:17:59,n/a
